qid,query
1,hydrating lip balm
2,mattifying full coverage face primer
3,korean travel sheet masks
4,skincare products for acne prevention
5,serum for hyperpigmentation
6,brightening acne cleanser
7,cruelty free lip products
8,white cast free sunscreen
9,body glow oils and lotions
10,anti-aging hand cream
11,hydrating body scrub
12,hydrating skincare
13,scent free daily moisturizer
14,color correcting face oil
15,repairing eye cream
16,acne treatment for hormonal acne
17,christmas gift set for skincare
18,hydrating face mask
19,night moisturizer for acne prone skin
20,sunscreen for sensitive skin
21,overnight lip treatment
22,anti-aging skin cream
23,vitamin c brightening serum
24,fragrence-free lotion
25,dark spot corrector for acne
26,gentle cleanser for sensitive skin
27,oil-free face cleanser
28,moisturizer for irritated skin
29,exfoliating toner
30,non-greasy hand cream
31,gel cleanser
32,hydrating sunscreen
33,dermatologist-recommended acne products
34,moisturizing face primer
35,overnight eye masks
36,noncomedogenic face lotion
37,pore-minimizing face treatment
38,organic skincare products
39,hydrating lip exfoliants
40,cleanser for dry skin